scenario_id,train_1_id,train_1_type,train_1_weight,train_1_speed,train_2_id,train_2_type,train_2_weight,train_2_speed,location,delay_risk
1,Vande Bharat Express (12018),High_Speed,430t,130 km/h,Bhopal Shatabdi (12792),Express,550t,110 km/h,Itarsi Junction,High
2,Vande Bharat Express (12560),High_Speed,430t,130 km/h,Rajdhani Express (11456),Express,600t,120 km/h,Kanpur Central,Low
3,WAG-12 Heavy Freight (11347),Heavy Freight,6000t,75 km/h,BOXN Coal Rake (11686),Freight,4500t,60 km/h,Vijayawada Line,Medium
4,BOXN Coal Rake (11890),Freight,4500t,60 km/h,Rajdhani Express (11421),Express,600t,120 km/h,Kanpur Central,Medium
5,BOXN Coal Rake (11297),Freight,4500t,60 km/h,Rajdhani Express (12030),Express,600t,120 km/h,Vijayawada Line,Medium
6,Vande Bharat Express (11648),High_Speed,430t,130 km/h,Bhopal Shatabdi (12063),Express,550t,110 km/h,Itarsi Junction,High
7,Vande Bharat Express (11587),High_Speed,430t,130 km/h,BOXN Coal Rake (11404),Freight,4500t,60 km/h,Vijayawada Line,Medium
8,Bhopal Shatabdi (11814),Express,550t,110 km/h,EMU Local (11396),Commuter,300t,80 km/h,Itarsi Junction,High
9,WAG-12 Heavy Freight (12633),Heavy Freight,6000t,75 km/h,BOXN Coal Rake (11093),Freight,4500t,60 km/h,Nagpur Crossing,Medium
10,BOXN Coal Rake (11239),Freight,4500t,60 km/h,Bhopal Shatabdi (12806),Express,550t,110 km/h,Itarsi Junction,Low
11,Bhopal Shatabdi (12049),Express,550t,110 km/h,BOXN Coal Rake (11389),Freight,4500t,60 km/h,Bhusawal Block,High
12,Bhopal Shatabdi (11944),Express,550t,110 km/h,WAG-12 Heavy Freight (12441),Heavy Freight,6000t,75 km/h,Bhusawal Block,Medium
13,Vande Bharat Express (11353),High_Speed,430t,130 km/h,WAG-12 Heavy Freight (11717),Heavy Freight,6000t,75 km/h,Vijayawada Line,High
14,EMU Local (11220),Commuter,300t,80 km/h,WAG-12 Heavy Freight (11984),Heavy Freight,6000t,75 km/h,Kanpur Central,Medium
15,Bhopal Shatabdi (12604),Express,550t,110 km/h,WAG-12 Heavy Freight (12969),Heavy Freight,6000t,75 km/h,Nagpur Crossing,High
16,EMU Local (11150),Commuter,300t,80 km/h,Bhopal Shatabdi (11034),Express,550t,110 km/h,Vijayawada Line,Low
17,WAG-12 Heavy Freight (12356),Heavy Freight,6000t,75 km/h,Bhopal Shatabdi (12137),Express,550t,110 km/h,Kanpur Central,High
18,Bhopal Shatabdi (12242),Express,550t,110 km/h,WAG-12 Heavy Freight (11119),Heavy Freight,6000t,75 km/h,Itarsi Junction,Low
19,EMU Local (12855),Commuter,300t,80 km/h,WAG-12 Heavy Freight (11328),Heavy Freight,6000t,75 km/h,Vijayawada Line,Low
20,Rajdhani Express (11550),Express,600t,120 km/h,Bhopal Shatabdi (11275),Express,550t,110 km/h,Bhusawal Block,High
21,Rajdhani Express (11444),Express,600t,120 km/h,Bhopal Shatabdi (12350),Express,550t,110 km/h,Itarsi Junction,Low
22,Vande Bharat Express (12645),High_Speed,430t,130 km/h,Rajdhani Express (11787),Express,600t,120 km/h,Kanpur Central,Medium
23,Vande Bharat Express (12720),High_Speed,430t,130 km/h,EMU Local (11888),Commuter,300t,80 km/h,Nagpur Crossing,Medium
24,WAG-12 Heavy Freight (11428),Heavy Freight,6000t,75 km/h,Vande Bharat Express (11081),High_Speed,430t,130 km/h,Kanpur Central,Medium
25,BOXN Coal Rake (12229),Freight,4500t,60 km/h,Rajdhani Express (11992),Express,600t,120 km/h,Kanpur Central,Medium
26,Vande Bharat Express (12432),High_Speed,430t,130 km/h,BOXN Coal Rake (12411),Freight,4500t,60 km/h,Kanpur Central,Medium
27,EMU Local (12496),Commuter,300t,80 km/h,Bhopal Shatabdi (12692),Express,550t,110 km/h,Vijayawada Line,Medium
28,Vande Bharat Express (11239),High_Speed,430t,130 km/h,Rajdhani Express (12984),Express,600t,120 km/h,Nagpur Crossing,Medium
29,BOXN Coal Rake (12800),Freight,4500t,60 km/h,Rajdhani Express (11532),Express,600t,120 km/h,Kanpur Central,Medium
30,Bhopal Shatabdi (11589),Express,550t,110 km/h,WAG-12 Heavy Freight (12013),Heavy Freight,6000t,75 km/h,Nagpur Crossing,Low
31,BOXN Coal Rake (12432),Freight,4500t,60 km/h,Rajdhani Express (12013),Express,600t,120 km/h,Itarsi Junction,Medium
32,WAG-12 Heavy Freight (11546),Heavy Freight,6000t,75 km/h,EMU Local (12590),Commuter,300t,80 km/h,Nagpur Crossing,Low
33,Vande Bharat Express (12898),High_Speed,430t,130 km/h,WAG-12 Heavy Freight (12301),Heavy Freight,6000t,75 km/h,Nagpur Crossing,Medium
34,EMU Local (11136),Commuter,300t,80 km/h,Rajdhani Express (12340),Express,600t,120 km/h,Itarsi Junction,Medium
35,Bhopal Shatabdi (11099),Express,550t,110 km/h,BOXN Coal Rake (12487),Freight,4500t,60 km/h,Itarsi Junction,Low
36,Bhopal Shatabdi (12417),Express,550t,110 km/h,Vande Bharat Express (11556),High_Speed,430t,130 km/h,Vijayawada Line,Medium
37,BOXN Coal Rake (11386),Freight,4500t,60 km/h,Rajdhani Express (11933),Express,600t,120 km/h,Bhusawal Block,Low
38,BOXN Coal Rake (11600),Freight,4500t,60 km/h,EMU Local (12842),Commuter,300t,80 km/h,Kanpur Central,Medium
39,BOXN Coal Rake (12023),Freight,4500t,60 km/h,Rajdhani Express (12258),Express,600t,120 km/h,Kanpur Central,High
40,Vande Bharat Express (12633),High_Speed,430t,130 km/h,Bhopal Shatabdi (11730),Express,550t,110 km/h,Vijayawada Line,Low
41,Bhopal Shatabdi (12921),Express,550t,110 km/h,EMU Local (12048),Commuter,300t,80 km/h,Kanpur Central,High
42,EMU Local (12385),Commuter,300t,80 km/h,BOXN Coal Rake (12075),Freight,4500t,60 km/h,Kanpur Central,High
43,WAG-12 Heavy Freight (12743),Heavy Freight,6000t,75 km/h,Rajdhani Express (11256),Express,600t,120 km/h,Itarsi Junction,Low
44,BOXN Coal Rake (11633),Freight,4500t,60 km/h,Rajdhani Express (12800),Express,600t,120 km/h,Bhusawal Block,Medium
45,EMU Local (11447),Commuter,300t,80 km/h,Bhopal Shatabdi (11258),Express,550t,110 km/h,Bhusawal Block,Low
46,Vande Bharat Express (12221),High_Speed,430t,130 km/h,EMU Local (11088),Commuter,300t,80 km/h,Vijayawada Line,High
47,BOXN Coal Rake (11224),Freight,4500t,60 km/h,Vande Bharat Express (12224),High_Speed,430t,130 km/h,Vijayawada Line,Medium
48,Rajdhani Express (12185),Express,600t,120 km/h,BOXN Coal Rake (12231),Freight,4500t,60 km/h,Vijayawada Line,High
49,Bhopal Shatabdi (11738),Express,550t,110 km/h,Vande Bharat Express (11606),High_Speed,430t,130 km/h,Kanpur Central,Medium
50,Vande Bharat Express (11140),High_Speed,430t,130 km/h,WAG-12 Heavy Freight (12581),Heavy Freight,6000t,75 km/h,Kanpur Central,High
51,WAG-12 Heavy Freight (11747),Heavy Freight,6000t,75 km/h,Vande Bharat Express (12459),High_Speed,430t,130 km/h,Itarsi Junction,Low
52,WAG-12 Heavy Freight (11168),Heavy Freight,6000t,75 km/h,EMU Local (11284),Commuter,300t,80 km/h,Vijayawada Line,Low
53,BOXN Coal Rake (11669),Freight,4500t,60 km/h,WAG-12 Heavy Freight (11578),Heavy Freight,6000t,75 km/h,Nagpur Crossing,Low
54,Vande Bharat Express (11896),High_Speed,430t,130 km/h,WAG-12 Heavy Freight (12563),Heavy Freight,6000t,75 km/h,Itarsi Junction,Low
55,Bhopal Shatabdi (12069),Express,550t,110 km/h,BOXN Coal Rake (11107),Freight,4500t,60 km/h,Nagpur Crossing,High
56,Rajdhani Express (11454),Express,600t,120 km/h,EMU Local (11259),Commuter,300t,80 km/h,Kanpur Central,Medium
57,BOXN Coal Rake (11672),Freight,4500t,60 km/h,Vande Bharat Express (12416),High_Speed,430t,130 km/h,Bhusawal Block,Low
58,Rajdhani Express (11640),Express,600t,120 km/h,EMU Local (12664),Commuter,300t,80 km/h,Itarsi Junction,High
59,EMU Local (12084),Commuter,300t,80 km/h,Bhopal Shatabdi (12053),Express,550t,110 km/h,Bhusawal Block,Low
60,WAG-12 Heavy Freight (11790),Heavy Freight,6000t,75 km/h,BOXN Coal Rake (11367),Freight,4500t,60 km/h,Vijayawada Line,High
61,Vande Bharat Express (11625),High_Speed,430t,130 km/h,WAG-12 Heavy Freight (11147),Heavy Freight,6000t,75 km/h,Nagpur Crossing,Medium
62,BOXN Coal Rake (12058),Freight,4500t,60 km/h,WAG-12 Heavy Freight (12019),Heavy Freight,6000t,75 km/h,Nagpur Crossing,Medium
63,EMU Local (12375),Commuter,300t,80 km/h,Vande Bharat Express (12820),High_Speed,430t,130 km/h,Bhusawal Block,Low
64,Rajdhani Express (11968),Express,600t,120 km/h,Bhopal Shatabdi (11525),Express,550t,110 km/h,Bhusawal Block,Low
65,Vande Bharat Express (11870),High_Speed,430t,130 km/h,WAG-12 Heavy Freight (11789),Heavy Freight,6000t,75 km/h,Itarsi Junction,Medium
66,BOXN Coal Rake (12235),Freight,4500t,60 km/h,EMU Local (11311),Commuter,300t,80 km/h,Itarsi Junction,High
67,Bhopal Shatabdi (12455),Express,550t,110 km/h,Vande Bharat Express (11669),High_Speed,430t,130 km/h,Vijayawada Line,High
68,BOXN Coal Rake (11227),Freight,4500t,60 km/h,Vande Bharat Express (12582),High_Speed,430t,130 km/h,Itarsi Junction,High
69,Rajdhani Express (12789),Express,600t,120 km/h,WAG-12 Heavy Freight (11822),Heavy Freight,6000t,75 km/h,Nagpur Crossing,High
70,Rajdhani Express (12692),Express,600t,120 km/h,EMU Local (11792),Commuter,300t,80 km/h,Itarsi Junction,Medium
71,Bhopal Shatabdi (12979),Express,550t,110 km/h,Rajdhani Express (11253),Express,600t,120 km/h,Itarsi Junction,High
72,Rajdhani Express (12591),Express,600t,120 km/h,EMU Local (11031),Commuter,300t,80 km/h,Bhusawal Block,Low
73,Rajdhani Express (11016),Express,600t,120 km/h,WAG-12 Heavy Freight (11430),Heavy Freight,6000t,75 km/h,Vijayawada Line,Medium
74,EMU Local (11756),Commuter,300t,80 km/h,BOXN Coal Rake (12142),Freight,4500t,60 km/h,Kanpur Central,High
75,Rajdhani Express (11428),Express,600t,120 km/h,Vande Bharat Express (11757),High_Speed,430t,130 km/h,Nagpur Crossing,High
76,BOXN Coal Rake (12183),Freight,4500t,60 km/h,EMU Local (11498),Commuter,300t,80 km/h,Nagpur Crossing,High
77,BOXN Coal Rake (11732),Freight,4500t,60 km/h,Bhopal Shatabdi (12032),Express,550t,110 km/h,Kanpur Central,High
78,Bhopal Shatabdi (11847),Express,550t,110 km/h,BOXN Coal Rake (11804),Freight,4500t,60 km/h,Kanpur Central,Medium
79,WAG-12 Heavy Freight (11271),Heavy Freight,6000t,75 km/h,Bhopal Shatabdi (11869),Express,550t,110 km/h,Vijayawada Line,High
80,Bhopal Shatabdi (12730),Express,550t,110 km/h,Rajdhani Express (11496),Express,600t,120 km/h,Nagpur Crossing,High
81,Bhopal Shatabdi (12084),Express,550t,110 km/h,BOXN Coal Rake (11198),Freight,4500t,60 km/h,Itarsi Junction,High
82,WAG-12 Heavy Freight (11935),Heavy Freight,6000t,75 km/h,Bhopal Shatabdi (12396),Express,550t,110 km/h,Nagpur Crossing,Medium
83,BOXN Coal Rake (12921),Freight,4500t,60 km/h,EMU Local (12699),Commuter,300t,80 km/h,Vijayawada Line,High
84,Bhopal Shatabdi (11528),Express,550t,110 km/h,BOXN Coal Rake (11389),Freight,4500t,60 km/h,Kanpur Central,High
85,Rajdhani Express (12798),Express,600t,120 km/h,BOXN Coal Rake (12671),Freight,4500t,60 km/h,Kanpur Central,High
86,BOXN Coal Rake (11054),Freight,4500t,60 km/h,Rajdhani Express (11038),Express,600t,120 km/h,Kanpur Central,Low
87,BOXN Coal Rake (11152),Freight,4500t,60 km/h,WAG-12 Heavy Freight (11739),Heavy Freight,6000t,75 km/h,Vijayawada Line,Low
88,Bhopal Shatabdi (11076),Express,550t,110 km/h,Rajdhani Express (11462),Express,600t,120 km/h,Itarsi Junction,High
89,EMU Local (11394),Commuter,300t,80 km/h,Vande Bharat Express (12281),High_Speed,430t,130 km/h,Bhusawal Block,High
90,Rajdhani Express (12686),Express,600t,120 km/h,Vande Bharat Express (11427),High_Speed,430t,130 km/h,Itarsi Junction,Low
91,WAG-12 Heavy Freight (11820),Heavy Freight,6000t,75 km/h,Rajdhani Express (11160),Express,600t,120 km/h,Vijayawada Line,High
92,BOXN Coal Rake (11353),Freight,4500t,60 km/h,EMU Local (12728),Commuter,300t,80 km/h,Vijayawada Line,Low
93,Vande Bharat Express (11173),High_Speed,430t,130 km/h,WAG-12 Heavy Freight (12103),Heavy Freight,6000t,75 km/h,Vijayawada Line,Low
94,EMU Local (11440),Commuter,300t,80 km/h,Bhopal Shatabdi (11613),Express,550t,110 km/h,Bhusawal Block,Medium
95,Vande Bharat Express (12642),High_Speed,430t,130 km/h,Rajdhani Express (12261),Express,600t,120 km/h,Kanpur Central,High
96,Bhopal Shatabdi (11989),Express,550t,110 km/h,BOXN Coal Rake (12888),Freight,4500t,60 km/h,Vijayawada Line,Medium
97,Rajdhani Express (11234),Express,600t,120 km/h,Vande Bharat Express (11942),High_Speed,430t,130 km/h,Kanpur Central,Medium
98,BOXN Coal Rake (11394),Freight,4500t,60 km/h,WAG-12 Heavy Freight (11502),Heavy Freight,6000t,75 km/h,Kanpur Central,Low
99,EMU Local (11490),Commuter,300t,80 km/h,Vande Bharat Express (12018),High_Speed,430t,130 km/h,Vijayawada Line,High
100,BOXN Coal Rake (12407),Freight,4500t,60 km/h,Bhopal Shatabdi (11399),Express,550t,110 km/h,Kanpur Central,High
101,WAG-12 Heavy Freight (12892),Heavy Freight,6000t,75 km/h,BOXN Coal Rake (12816),Freight,4500t,60 km/h,Kanpur Central,Medium
102,Vande Bharat Express (12371),High_Speed,430t,130 km/h,WAG-12 Heavy Freight (12583),Heavy Freight,6000t,75 km/h,Bhusawal Block,High
103,BOXN Coal Rake (11259),Freight,4500t,60 km/h,Vande Bharat Express (12281),High_Speed,430t,130 km/h,Vijayawada Line,Medium
104,EMU Local (11990),Commuter,300t,80 km/h,Bhopal Shatabdi (12015),Express,550t,110 km/h,Vijayawada Line,High
105,Bhopal Shatabdi (12217),Express,550t,110 km/h,EMU Local (12123),Commuter,300t,80 km/h,Bhusawal Block,Medium
106,BOXN Coal Rake (11912),Freight,4500t,60 km/h,WAG-12 Heavy Freight (12979),Heavy Freight,6000t,75 km/h,Kanpur Central,Low
107,Bhopal Shatabdi (11548),Express,550t,110 km/h,Vande Bharat Express (12262),High_Speed,430t,130 km/h,Itarsi Junction,Low
108,WAG-12 Heavy Freight (11234),Heavy Freight,6000t,75 km/h,Rajdhani Express (12519),Express,600t,120 km/h,Nagpur Crossing,Low
109,EMU Local (11976),Commuter,300t,80 km/h,BOXN Coal Rake (11666),Freight,4500t,60 km/h,Bhusawal Block,Low
110,Vande Bharat Express (11293),High_Speed,430t,130 km/h,EMU Local (11299),Commuter,300t,80 km/h,Vijayawada Line,High
111,Vande Bharat Express (12470),High_Speed,430t,130 km/h,BOXN Coal Rake (11728),Freight,4500t,60 km/h,Kanpur Central,Low
112,WAG-12 Heavy Freight (11475),Heavy Freight,6000t,75 km/h,Rajdhani Express (11208),Express,600t,120 km/h,Bhusawal Block,High
113,EMU Local (11873),Commuter,300t,80 km/h,Vande Bharat Express (11617),High_Speed,430t,130 km/h,Kanpur Central,Low
114,Vande Bharat Express (12337),High_Speed,430t,130 km/h,Rajdhani Express (12917),Express,600t,120 km/h,Itarsi Junction,Medium
115,Bhopal Shatabdi (12117),Express,550t,110 km/h,BOXN Coal Rake (12416),Freight,4500t,60 km/h,Kanpur Central,High
116,Vande Bharat Express (12314),High_Speed,430t,130 km/h,Rajdhani Express (12968),Express,600t,120 km/h,Kanpur Central,High
117,BOXN Coal Rake (11207),Freight,4500t,60 km/h,WAG-12 Heavy Freight (12622),Heavy Freight,6000t,75 km/h,Itarsi Junction,Medium
118,Vande Bharat Express (12941),High_Speed,430t,130 km/h,BOXN Coal Rake (12022),Freight,4500t,60 km/h,Kanpur Central,High
119,Bhopal Shatabdi (11216),Express,550t,110 km/h,BOXN Coal Rake (12342),Freight,4500t,60 km/h,Vijayawada Line,Low
120,Bhopal Shatabdi (11106),Express,550t,110 km/h,Rajdhani Express (11396),Express,600t,120 km/h,Itarsi Junction,Medium
121,Vande Bharat Express (11841),High_Speed,430t,130 km/h,BOXN Coal Rake (11111),Freight,4500t,60 km/h,Nagpur Crossing,Low
122,WAG-12 Heavy Freight (11949),Heavy Freight,6000t,75 km/h,BOXN Coal Rake (12907),Freight,4500t,60 km/h,Kanpur Central,High
123,WAG-12 Heavy Freight (12477),Heavy Freight,6000t,75 km/h,EMU Local (12809),Commuter,300t,80 km/h,Bhusawal Block,Medium
124,WAG-12 Heavy Freight (11921),Heavy Freight,6000t,75 km/h,Bhopal Shatabdi (11702),Express,550t,110 km/h,Kanpur Central,Low
125,Bhopal Shatabdi (12739),Express,550t,110 km/h,Vande Bharat Express (11631),High_Speed,430t,130 km/h,Kanpur Central,High
126,WAG-12 Heavy Freight (11493),Heavy Freight,6000t,75 km/h,BOXN Coal Rake (11031),Freight,4500t,60 km/h,Nagpur Crossing,Medium
127,EMU Local (11160),Commuter,300t,80 km/h,WAG-12 Heavy Freight (11758),Heavy Freight,6000t,75 km/h,Nagpur Crossing,High
128,EMU Local (11141),Commuter,300t,80 km/h,Vande Bharat Express (11621),High_Speed,430t,130 km/h,Itarsi Junction,Low
129,BOXN Coal Rake (11113),Freight,4500t,60 km/h,EMU Local (11433),Commuter,300t,80 km/h,Kanpur Central,Low
130,BOXN Coal Rake (12092),Freight,4500t,60 km/h,EMU Local (11277),Commuter,300t,80 km/h,Itarsi Junction,High
131,Vande Bharat Express (12116),High_Speed,430t,130 km/h,EMU Local (11862),Commuter,300t,80 km/h,Kanpur Central,High
132,Bhopal Shatabdi (12405),Express,550t,110 km/h,EMU Local (12437),Commuter,300t,80 km/h,Bhusawal Block,Low
133,Rajdhani Express (11493),Express,600t,120 km/h,EMU Local (11491),Commuter,300t,80 km/h,Kanpur Central,Medium
134,Bhopal Shatabdi (11253),Express,550t,110 km/h,Vande Bharat Express (11644),High_Speed,430t,130 km/h,Vijayawada Line,Low
135,Vande Bharat Express (12324),High_Speed,430t,130 km/h,EMU Local (11562),Commuter,300t,80 km/h,Kanpur Central,High
136,EMU Local (11595),Commuter,300t,80 km/h,WAG-12 Heavy Freight (12865),Heavy Freight,6000t,75 km/h,Nagpur Crossing,Medium
137,Rajdhani Express (12867),Express,600t,120 km/h,Vande Bharat Express (12608),High_Speed,430t,130 km/h,Nagpur Crossing,Low
138,WAG-12 Heavy Freight (11574),Heavy Freight,6000t,75 km/h,Vande Bharat Express (12847),High_Speed,430t,130 km/h,Vijayawada Line,Medium
139,EMU Local (12420),Commuter,300t,80 km/h,WAG-12 Heavy Freight (12846),Heavy Freight,6000t,75 km/h,Vijayawada Line,Low
140,Vande Bharat Express (12321),High_Speed,430t,130 km/h,EMU Local (12323),Commuter,300t,80 km/h,Itarsi Junction,Low
141,BOXN Coal Rake (12704),Freight,4500t,60 km/h,EMU Local (12891),Commuter,300t,80 km/h,Vijayawada Line,High
142,Rajdhani Express (11632),Express,600t,120 km/h,Bhopal Shatabdi (12992),Express,550t,110 km/h,Kanpur Central,Medium
143,Bhopal Shatabdi (11906),Express,550t,110 km/h,BOXN Coal Rake (11630),Freight,4500t,60 km/h,Itarsi Junction,Medium
144,WAG-12 Heavy Freight (11128),Heavy Freight,6000t,75 km/h,Vande Bharat Express (11880),High_Speed,430t,130 km/h,Bhusawal Block,High
145,Bhopal Shatabdi (12877),Express,550t,110 km/h,Rajdhani Express (11679),Express,600t,120 km/h,Vijayawada Line,High
146,Vande Bharat Express (11090),High_Speed,430t,130 km/h,EMU Local (12121),Commuter,300t,80 km/h,Itarsi Junction,Low
147,WAG-12 Heavy Freight (11938),Heavy Freight,6000t,75 km/h,Vande Bharat Express (12150),High_Speed,430t,130 km/h,Bhusawal Block,Medium
148,Bhopal Shatabdi (11824),Express,550t,110 km/h,WAG-12 Heavy Freight (12825),Heavy Freight,6000t,75 km/h,Itarsi Junction,Medium
149,BOXN Coal Rake (12751),Freight,4500t,60 km/h,Rajdhani Express (11974),Express,600t,120 km/h,Itarsi Junction,High
150,Bhopal Shatabdi (11078),Express,550t,110 km/h,Rajdhani Express (11424),Express,600t,120 km/h,Bhusawal Block,High
151,Rajdhani Express (12888),Express,600t,120 km/h,BOXN Coal Rake (12084),Freight,4500t,60 km/h,Kanpur Central,Low
152,Bhopal Shatabdi (11675),Express,550t,110 km/h,Rajdhani Express (11198),Express,600t,120 km/h,Kanpur Central,High
153,Vande Bharat Express (11673),High_Speed,430t,130 km/h,Bhopal Shatabdi (11343),Express,550t,110 km/h,Bhusawal Block,Medium
154,Rajdhani Express (12570),Express,600t,120 km/h,BOXN Coal Rake (12359),Freight,4500t,60 km/h,Itarsi Junction,High
155,Rajdhani Express (12451),Express,600t,120 km/h,Vande Bharat Express (12844),High_Speed,430t,130 km/h,Itarsi Junction,High
156,WAG-12 Heavy Freight (11587),Heavy Freight,6000t,75 km/h,EMU Local (11043),Commuter,300t,80 km/h,Kanpur Central,Low
157,Vande Bharat Express (12652),High_Speed,430t,130 km/h,BOXN Coal Rake (11400),Freight,4500t,60 km/h,Vijayawada Line,Low
158,WAG-12 Heavy Freight (11014),Heavy Freight,6000t,75 km/h,Bhopal Shatabdi (11889),Express,550t,110 km/h,Kanpur Central,High
159,EMU Local (12116),Commuter,300t,80 km/h,WAG-12 Heavy Freight (12044),Heavy Freight,6000t,75 km/h,Nagpur Crossing,High
160,BOXN Coal Rake (11212),Freight,4500t,60 km/h,Vande Bharat Express (11469),High_Speed,430t,130 km/h,Itarsi Junction,Medium
161,BOXN Coal Rake (12907),Freight,4500t,60 km/h,EMU Local (11191),Commuter,300t,80 km/h,Kanpur Central,High
162,Bhopal Shatabdi (12286),Express,550t,110 km/h,Vande Bharat Express (12253),High_Speed,430t,130 km/h,Kanpur Central,Low
163,Bhopal Shatabdi (11611),Express,550t,110 km/h,Vande Bharat Express (11633),High_Speed,430t,130 km/h,Kanpur Central,Low
164,Rajdhani Express (12861),Express,600t,120 km/h,EMU Local (11483),Commuter,300t,80 km/h,Vijayawada Line,Low
165,BOXN Coal Rake (12224),Freight,4500t,60 km/h,EMU Local (11399),Commuter,300t,80 km/h,Nagpur Crossing,Medium
166,BOXN Coal Rake (11664),Freight,4500t,60 km/h,WAG-12 Heavy Freight (11934),Heavy Freight,6000t,75 km/h,Vijayawada Line,High
167,Vande Bharat Express (11092),High_Speed,430t,130 km/h,Bhopal Shatabdi (12188),Express,550t,110 km/h,Vijayawada Line,Medium
168,Vande Bharat Express (11320),High_Speed,430t,130 km/h,BOXN Coal Rake (11829),Freight,4500t,60 km/h,Kanpur Central,High
169,Vande Bharat Express (12999),High_Speed,430t,130 km/h,EMU Local (12039),Commuter,300t,80 km/h,Vijayawada Line,Low
170,Bhopal Shatabdi (11368),Express,550t,110 km/h,Vande Bharat Express (12929),High_Speed,430t,130 km/h,Kanpur Central,High
171,BOXN Coal Rake (12272),Freight,4500t,60 km/h,Bhopal Shatabdi (12388),Express,550t,110 km/h,Itarsi Junction,High
172,EMU Local (11307),Commuter,300t,80 km/h,BOXN Coal Rake (11756),Freight,4500t,60 km/h,Kanpur Central,Low
173,EMU Local (11609),Commuter,300t,80 km/h,Rajdhani Express (11193),Express,600t,120 km/h,Vijayawada Line,High
174,WAG-12 Heavy Freight (12990),Heavy Freight,6000t,75 km/h,Vande Bharat Express (12050),High_Speed,430t,130 km/h,Kanpur Central,Medium
175,WAG-12 Heavy Freight (12965),Heavy Freight,6000t,75 km/h,EMU Local (11860),Commuter,300t,80 km/h,Nagpur Crossing,Low
176,EMU Local (11779),Commuter,300t,80 km/h,Bhopal Shatabdi (11435),Express,550t,110 km/h,Itarsi Junction,Medium
177,Vande Bharat Express (12457),High_Speed,430t,130 km/h,WAG-12 Heavy Freight (11944),Heavy Freight,6000t,75 km/h,Itarsi Junction,Medium
178,WAG-12 Heavy Freight (12469),Heavy Freight,6000t,75 km/h,Rajdhani Express (12958),Express,600t,120 km/h,Vijayawada Line,Medium
179,EMU Local (11325),Commuter,300t,80 km/h,BOXN Coal Rake (12429),Freight,4500t,60 km/h,Itarsi Junction,Low
180,Vande Bharat Express (11500),High_Speed,430t,130 km/h,WAG-12 Heavy Freight (12819),Heavy Freight,6000t,75 km/h,Vijayawada Line,Low
181,BOXN Coal Rake (12326),Freight,4500t,60 km/h,Rajdhani Express (11166),Express,600t,120 km/h,Kanpur Central,Low
182,Bhopal Shatabdi (11471),Express,550t,110 km/h,WAG-12 Heavy Freight (12066),Heavy Freight,6000t,75 km/h,Bhusawal Block,Medium
183,Rajdhani Express (12017),Express,600t,120 km/h,EMU Local (11429),Commuter,300t,80 km/h,Vijayawada Line,Low
184,EMU Local (12652),Commuter,300t,80 km/h,BOXN Coal Rake (12705),Freight,4500t,60 km/h,Itarsi Junction,Low
185,Vande Bharat Express (12236),High_Speed,430t,130 km/h,WAG-12 Heavy Freight (12733),Heavy Freight,6000t,75 km/h,Bhusawal Block,Medium
186,Bhopal Shatabdi (11003),Express,550t,110 km/h,Rajdhani Express (11427),Express,600t,120 km/h,Vijayawada Line,Low
187,EMU Local (12680),Commuter,300t,80 km/h,BOXN Coal Rake (11742),Freight,4500t,60 km/h,Nagpur Crossing,High
188,EMU Local (12274),Commuter,300t,80 km/h,Vande Bharat Express (12850),High_Speed,430t,130 km/h,Nagpur Crossing,Low
189,Bhopal Shatabdi (11617),Express,550t,110 km/h,EMU Local (11012),Commuter,300t,80 km/h,Vijayawada Line,Medium
190,WAG-12 Heavy Freight (12160),Heavy Freight,6000t,75 km/h,Vande Bharat Express (12647),High_Speed,430t,130 km/h,Itarsi Junction,High
191,WAG-12 Heavy Freight (11186),Heavy Freight,6000t,75 km/h,BOXN Coal Rake (12404),Freight,4500t,60 km/h,Bhusawal Block,Medium
192,EMU Local (11763),Commuter,300t,80 km/h,Rajdhani Express (11728),Express,600t,120 km/h,Kanpur Central,Medium
193,Rajdhani Express (11901),Express,600t,120 km/h,BOXN Coal Rake (12468),Freight,4500t,60 km/h,Itarsi Junction,Medium
194,BOXN Coal Rake (11346),Freight,4500t,60 km/h,Vande Bharat Express (11511),High_Speed,430t,130 km/h,Vijayawada Line,Low
195,BOXN Coal Rake (11077),Freight,4500t,60 km/h,EMU Local (12884),Commuter,300t,80 km/h,Vijayawada Line,High
196,Bhopal Shatabdi (12756),Express,550t,110 km/h,Rajdhani Express (11370),Express,600t,120 km/h,Vijayawada Line,High
197,EMU Local (12711),Commuter,300t,80 km/h,WAG-12 Heavy Freight (12781),Heavy Freight,6000t,75 km/h,Kanpur Central,High
198,BOXN Coal Rake (11573),Freight,4500t,60 km/h,Bhopal Shatabdi (12775),Express,550t,110 km/h,Kanpur Central,High
199,WAG-12 Heavy Freight (11559),Heavy Freight,6000t,75 km/h,Bhopal Shatabdi (12414),Express,550t,110 km/h,Vijayawada Line,Medium
200,BOXN Coal Rake (12329),Freight,4500t,60 km/h,Rajdhani Express (11311),Express,600t,120 km/h,Kanpur Central,Medium
201,BOXN Coal Rake (11911),Freight,4500t,60 km/h,Vande Bharat Express (11281),High_Speed,430t,130 km/h,Vijayawada Line,Medium
202,Vande Bharat Express (12478),High_Speed,430t,130 km/h,Bhopal Shatabdi (12708),Express,550t,110 km/h,Kanpur Central,Low
203,EMU Local (12340),Commuter,300t,80 km/h,WAG-12 Heavy Freight (11777),Heavy Freight,6000t,75 km/h,Nagpur Crossing,Medium
204,EMU Local (12281),Commuter,300t,80 km/h,Vande Bharat Express (11054),High_Speed,430t,130 km/h,Vijayawada Line,High
205,Vande Bharat Express (11567),High_Speed,430t,130 km/h,Rajdhani Express (11751),Express,600t,120 km/h,Itarsi Junction,High
206,Vande Bharat Express (12467),High_Speed,430t,130 km/h,BOXN Coal Rake (12959),Freight,4500t,60 km/h,Itarsi Junction,High
207,Vande Bharat Express (12378),High_Speed,430t,130 km/h,BOXN Coal Rake (12332),Freight,4500t,60 km/h,Kanpur Central,High
208,Vande Bharat Express (11622),High_Speed,430t,130 km/h,BOXN Coal Rake (11765),Freight,4500t,60 km/h,Vijayawada Line,High
209,BOXN Coal Rake (12137),Freight,4500t,60 km/h,Vande Bharat Express (12568),High_Speed,430t,130 km/h,Itarsi Junction,Low
210,Bhopal Shatabdi (11146),Express,550t,110 km/h,Vande Bharat Express (12958),High_Speed,430t,130 km/h,Itarsi Junction,Low
211,Rajdhani Express (11487),Express,600t,120 km/h,Bhopal Shatabdi (11023),Express,550t,110 km/h,Itarsi Junction,Medium
212,BOXN Coal Rake (12326),Freight,4500t,60 km/h,Rajdhani Express (12949),Express,600t,120 km/h,Kanpur Central,Low
213,WAG-12 Heavy Freight (12704),Heavy Freight,6000t,75 km/h,Rajdhani Express (12427),Express,600t,120 km/h,Kanpur Central,Medium
214,BOXN Coal Rake (11067),Freight,4500t,60 km/h,Rajdhani Express (11997),Express,600t,120 km/h,Kanpur Central,Low
215,Bhopal Shatabdi (12522),Express,550t,110 km/h,BOXN Coal Rake (12239),Freight,4500t,60 km/h,Vijayawada Line,High
216,Bhopal Shatabdi (11904),Express,550t,110 km/h,EMU Local (12832),Commuter,300t,80 km/h,Vijayawada Line,High
217,BOXN Coal Rake (12680),Freight,4500t,60 km/h,Bhopal Shatabdi (11770),Express,550t,110 km/h,Itarsi Junction,High
218,BOXN Coal Rake (11751),Freight,4500t,60 km/h,Vande Bharat Express (11896),High_Speed,430t,130 km/h,Nagpur Crossing,Medium
219,EMU Local (12825),Commuter,300t,80 km/h,Rajdhani Express (11373),Express,600t,120 km/h,Bhusawal Block,Low
220,EMU Local (11872),Commuter,300t,80 km/h,Vande Bharat Express (11113),High_Speed,430t,130 km/h,Nagpur Crossing,High
221,WAG-12 Heavy Freight (12229),Heavy Freight,6000t,75 km/h,BOXN Coal Rake (11002),Freight,4500t,60 km/h,Bhusawal Block,Low
222,BOXN Coal Rake (11286),Freight,4500t,60 km/h,EMU Local (12276),Commuter,300t,80 km/h,Itarsi Junction,Low
223,BOXN Coal Rake (12457),Freight,4500t,60 km/h,Rajdhani Express (12491),Express,600t,120 km/h,Kanpur Central,Low
224,WAG-12 Heavy Freight (11519),Heavy Freight,6000t,75 km/h,BOXN Coal Rake (12106),Freight,4500t,60 km/h,Vijayawada Line,High
225,EMU Local (11237),Commuter,300t,80 km/h,Bhopal Shatabdi (12621),Express,550t,110 km/h,Bhusawal Block,Medium
226,WAG-12 Heavy Freight (11239),Heavy Freight,6000t,75 km/h,Vande Bharat Express (11397),High_Speed,430t,130 km/h,Nagpur Crossing,High
227,EMU Local (12584),Commuter,300t,80 km/h,Bhopal Shatabdi (12895),Express,550t,110 km/h,Itarsi Junction,Low
228,BOXN Coal Rake (12251),Freight,4500t,60 km/h,Bhopal Shatabdi (11679),Express,550t,110 km/h,Nagpur Crossing,Medium
229,EMU Local (11889),Commuter,300t,80 km/h,BOXN Coal Rake (11080),Freight,4500t,60 km/h,Bhusawal Block,Medium
230,Bhopal Shatabdi (12752),Express,550t,110 km/h,EMU Local (11476),Commuter,300t,80 km/h,Vijayawada Line,Low
231,BOXN Coal Rake (12409),Freight,4500t,60 km/h,Vande Bharat Express (12371),High_Speed,430t,130 km/h,Bhusawal Block,Low
232,EMU Local (11957),Commuter,300t,80 km/h,WAG-12 Heavy Freight (11548),Heavy Freight,6000t,75 km/h,Vijayawada Line,High
233,Vande Bharat Express (11962),High_Speed,430t,130 km/h,Bhopal Shatabdi (11434),Express,550t,110 km/h,Kanpur Central,High
234,WAG-12 Heavy Freight (12573),Heavy Freight,6000t,75 km/h,EMU Local (11926),Commuter,300t,80 km/h,Kanpur Central,Medium
235,WAG-12 Heavy Freight (11607),Heavy Freight,6000t,75 km/h,Bhopal Shatabdi (11560),Express,550t,110 km/h,Vijayawada Line,Medium
236,Vande Bharat Express (12143),High_Speed,430t,130 km/h,Rajdhani Express (11839),Express,600t,120 km/h,Vijayawada Line,High
237,WAG-12 Heavy Freight (11821),Heavy Freight,6000t,75 km/h,EMU Local (11434),Commuter,300t,80 km/h,Bhusawal Block,High
238,EMU Local (11912),Commuter,300t,80 km/h,BOXN Coal Rake (12189),Freight,4500t,60 km/h,Kanpur Central,High
239,Rajdhani Express (12590),Express,600t,120 km/h,Bhopal Shatabdi (11314),Express,550t,110 km/h,Nagpur Crossing,High
240,Vande Bharat Express (11159),High_Speed,430t,130 km/h,BOXN Coal Rake (11545),Freight,4500t,60 km/h,Kanpur Central,Medium
241,Bhopal Shatabdi (12035),Express,550t,110 km/h,Rajdhani Express (12197),Express,600t,120 km/h,Itarsi Junction,Medium
242,Rajdhani Express (11776),Express,600t,120 km/h,EMU Local (11063),Commuter,300t,80 km/h,Itarsi Junction,High
243,Vande Bharat Express (12963),High_Speed,430t,130 km/h,WAG-12 Heavy Freight (11993),Heavy Freight,6000t,75 km/h,Itarsi Junction,High
244,WAG-12 Heavy Freight (11165),Heavy Freight,6000t,75 km/h,BOXN Coal Rake (12679),Freight,4500t,60 km/h,Itarsi Junction,Medium
245,BOXN Coal Rake (11359),Freight,4500t,60 km/h,WAG-12 Heavy Freight (11320),Heavy Freight,6000t,75 km/h,Vijayawada Line,High
246,Bhopal Shatabdi (12611),Express,550t,110 km/h,EMU Local (12702),Commuter,300t,80 km/h,Kanpur Central,High
247,WAG-12 Heavy Freight (12026),Heavy Freight,6000t,75 km/h,BOXN Coal Rake (11289),Freight,4500t,60 km/h,Bhusawal Block,Medium
248,WAG-12 Heavy Freight (11020),Heavy Freight,6000t,75 km/h,Bhopal Shatabdi (12071),Express,550t,110 km/h,Kanpur Central,High
249,BOXN Coal Rake (12405),Freight,4500t,60 km/h,Vande Bharat Express (11142),High_Speed,430t,130 km/h,Vijayawada Line,Medium
250,EMU Local (11421),Commuter,300t,80 km/h,Rajdhani Express (12463),Express,600t,120 km/h,Itarsi Junction,High
251,Vande Bharat Express (12952),High_Speed,430t,130 km/h,WAG-12 Heavy Freight (12649),Heavy Freight,6000t,75 km/h,Kanpur Central,High
252,Rajdhani Express (12935),Express,600t,120 km/h,Vande Bharat Express (12907),High_Speed,430t,130 km/h,Kanpur Central,Low
253,Vande Bharat Express (12371),High_Speed,430t,130 km/h,EMU Local (11043),Commuter,300t,80 km/h,Vijayawada Line,Low
254,EMU Local (11707),Commuter,300t,80 km/h,Bhopal Shatabdi (12003),Express,550t,110 km/h,Vijayawada Line,Low
255,Rajdhani Express (11112),Express,600t,120 km/h,Vande Bharat Express (12138),High_Speed,430t,130 km/h,Kanpur Central,High
256,BOXN Coal Rake (12887),Freight,4500t,60 km/h,WAG-12 Heavy Freight (12252),Heavy Freight,6000t,75 km/h,Nagpur Crossing,Low
257,Vande Bharat Express (12272),High_Speed,430t,130 km/h,WAG-12 Heavy Freight (12266),Heavy Freight,6000t,75 km/h,Itarsi Junction,Medium
258,EMU Local (12781),Commuter,300t,80 km/h,Rajdhani Express (11929),Express,600t,120 km/h,Itarsi Junction,High
259,EMU Local (12491),Commuter,300t,80 km/h,Vande Bharat Express (11677),High_Speed,430t,130 km/h,Itarsi Junction,Low
260,BOXN Coal Rake (11010),Freight,4500t,60 km/h,Rajdhani Express (11652),Express,600t,120 km/h,Itarsi Junction,Low
261,Rajdhani Express (11254),Express,600t,120 km/h,Vande Bharat Express (12204),High_Speed,430t,130 km/h,Vijayawada Line,High
262,Rajdhani Express (12829),Express,600t,120 km/h,Bhopal Shatabdi (12808),Express,550t,110 km/h,Itarsi Junction,Low
263,Bhopal Shatabdi (11206),Express,550t,110 km/h,Rajdhani Express (12356),Express,600t,120 km/h,Kanpur Central,Low
264,BOXN Coal Rake (12906),Freight,4500t,60 km/h,EMU Local (11038),Commuter,300t,80 km/h,Bhusawal Block,Medium
265,Vande Bharat Express (11613),High_Speed,430t,130 km/h,Bhopal Shatabdi (12620),Express,550t,110 km/h,Kanpur Central,Medium
266,Rajdhani Express (12927),Express,600t,120 km/h,Bhopal Shatabdi (11097),Express,550t,110 km/h,Kanpur Central,Medium
267,BOXN Coal Rake (12971),Freight,4500t,60 km/h,Bhopal Shatabdi (12105),Express,550t,110 km/h,Nagpur Crossing,High
268,WAG-12 Heavy Freight (12800),Heavy Freight,6000t,75 km/h,Bhopal Shatabdi (11829),Express,550t,110 km/h,Nagpur Crossing,Medium
269,EMU Local (12608),Commuter,300t,80 km/h,WAG-12 Heavy Freight (11033),Heavy Freight,6000t,75 km/h,Kanpur Central,High
270,Vande Bharat Express (11260),High_Speed,430t,130 km/h,EMU Local (11002),Commuter,300t,80 km/h,Itarsi Junction,Medium
271,Rajdhani Express (12031),Express,600t,120 km/h,Bhopal Shatabdi (11771),Express,550t,110 km/h,Bhusawal Block,High
272,Vande Bharat Express (12537),High_Speed,430t,130 km/h,Rajdhani Express (11640),Express,600t,120 km/h,Bhusawal Block,High
273,Rajdhani Express (12284),Express,600t,120 km/h,Bhopal Shatabdi (12067),Express,550t,110 km/h,Nagpur Crossing,Medium
274,Bhopal Shatabdi (12002),Express,550t,110 km/h,Vande Bharat Express (11883),High_Speed,430t,130 km/h,Bhusawal Block,High
275,Vande Bharat Express (12102),High_Speed,430t,130 km/h,WAG-12 Heavy Freight (11261),Heavy Freight,6000t,75 km/h,Itarsi Junction,High
276,EMU Local (12070),Commuter,300t,80 km/h,BOXN Coal Rake (11883),Freight,4500t,60 km/h,Kanpur Central,High
277,Bhopal Shatabdi (12975),Express,550t,110 km/h,Vande Bharat Express (11401),High_Speed,430t,130 km/h,Nagpur Crossing,Low
278,WAG-12 Heavy Freight (12058),Heavy Freight,6000t,75 km/h,EMU Local (12724),Commuter,300t,80 km/h,Nagpur Crossing,Low
279,Bhopal Shatabdi (11679),Express,550t,110 km/h,WAG-12 Heavy Freight (12845),Heavy Freight,6000t,75 km/h,Vijayawada Line,High
280,WAG-12 Heavy Freight (12280),Heavy Freight,6000t,75 km/h,Vande Bharat Express (11183),High_Speed,430t,130 km/h,Nagpur Crossing,Low
281,EMU Local (11523),Commuter,300t,80 km/h,BOXN Coal Rake (11883),Freight,4500t,60 km/h,Bhusawal Block,Low
282,Vande Bharat Express (11268),High_Speed,430t,130 km/h,EMU Local (12200),Commuter,300t,80 km/h,Bhusawal Block,Low
283,EMU Local (11314),Commuter,300t,80 km/h,Vande Bharat Express (12828),High_Speed,430t,130 km/h,Nagpur Crossing,Medium
284,BOXN Coal Rake (12020),Freight,4500t,60 km/h,EMU Local (12449),Commuter,300t,80 km/h,Bhusawal Block,Medium
285,BOXN Coal Rake (12783),Freight,4500t,60 km/h,EMU Local (12243),Commuter,300t,80 km/h,Nagpur Crossing,Medium
286,BOXN Coal Rake (12836),Freight,4500t,60 km/h,EMU Local (12803),Commuter,300t,80 km/h,Vijayawada Line,High
287,EMU Local (12009),Commuter,300t,80 km/h,BOXN Coal Rake (11547),Freight,4500t,60 km/h,Itarsi Junction,Low
288,Vande Bharat Express (12659),High_Speed,430t,130 km/h,BOXN Coal Rake (11518),Freight,4500t,60 km/h,Itarsi Junction,Low
289,Vande Bharat Express (12867),High_Speed,430t,130 km/h,EMU Local (12884),Commuter,300t,80 km/h,Vijayawada Line,Low
290,Rajdhani Express (11991),Express,600t,120 km/h,BOXN Coal Rake (11355),Freight,4500t,60 km/h,Kanpur Central,Low
291,Vande Bharat Express (12757),High_Speed,430t,130 km/h,Bhopal Shatabdi (11306),Express,550t,110 km/h,Bhusawal Block,Low
292,EMU Local (12108),Commuter,300t,80 km/h,Bhopal Shatabdi (12533),Express,550t,110 km/h,Kanpur Central,Low
293,Rajdhani Express (11350),Express,600t,120 km/h,EMU Local (12226),Commuter,300t,80 km/h,Itarsi Junction,Medium
294,Rajdhani Express (11919),Express,600t,120 km/h,Vande Bharat Express (11244),High_Speed,430t,130 km/h,Kanpur Central,Medium
295,EMU Local (12938),Commuter,300t,80 km/h,Vande Bharat Express (11464),High_Speed,430t,130 km/h,Nagpur Crossing,High
296,BOXN Coal Rake (12561),Freight,4500t,60 km/h,EMU Local (12783),Commuter,300t,80 km/h,Itarsi Junction,Low
297,EMU Local (12714),Commuter,300t,80 km/h,Bhopal Shatabdi (11464),Express,550t,110 km/h,Bhusawal Block,Medium
298,EMU Local (11889),Commuter,300t,80 km/h,BOXN Coal Rake (11900),Freight,4500t,60 km/h,Bhusawal Block,Low
299,WAG-12 Heavy Freight (11538),Heavy Freight,6000t,75 km/h,BOXN Coal Rake (11243),Freight,4500t,60 km/h,Nagpur Crossing,Low
300,EMU Local (12491),Commuter,300t,80 km/h,Vande Bharat Express (12719),High_Speed,430t,130 km/h,Vijayawada Line,High
301,Vande Bharat Express (11703),High_Speed,430t,130 km/h,WAG-12 Heavy Freight (12025),Heavy Freight,6000t,75 km/h,Kanpur Central,Low
302,Rajdhani Express (12564),Express,600t,120 km/h,BOXN Coal Rake (11838),Freight,4500t,60 km/h,Vijayawada Line,Medium
303,BOXN Coal Rake (11631),Freight,4500t,60 km/h,Rajdhani Express (11975),Express,600t,120 km/h,Itarsi Junction,Medium
304,WAG-12 Heavy Freight (12260),Heavy Freight,6000t,75 km/h,EMU Local (11806),Commuter,300t,80 km/h,Bhusawal Block,High
305,EMU Local (12410),Commuter,300t,80 km/h,Vande Bharat Express (11758),High_Speed,430t,130 km/h,Bhusawal Block,High
306,Rajdhani Express (12133),Express,600t,120 km/h,BOXN Coal Rake (11581),Freight,4500t,60 km/h,Itarsi Junction,High
307,BOXN Coal Rake (12071),Freight,4500t,60 km/h,Bhopal Shatabdi (11502),Express,550t,110 km/h,Bhusawal Block,Low
308,WAG-12 Heavy Freight (12454),Heavy Freight,6000t,75 km/h,Bhopal Shatabdi (11678),Express,550t,110 km/h,Bhusawal Block,Low
309,Vande Bharat Express (12574),High_Speed,430t,130 km/h,WAG-12 Heavy Freight (12880),Heavy Freight,6000t,75 km/h,Nagpur Crossing,Low
310,WAG-12 Heavy Freight (12737),Heavy Freight,6000t,75 km/h,Rajdhani Express (12756),Express,600t,120 km/h,Bhusawal Block,Medium
311,Bhopal Shatabdi (11619),Express,550t,110 km/h,WAG-12 Heavy Freight (11294),Heavy Freight,6000t,75 km/h,Bhusawal Block,Low
312,EMU Local (11259),Commuter,300t,80 km/h,BOXN Coal Rake (11416),Freight,4500t,60 km/h,Nagpur Crossing,High
313,Vande Bharat Express (12297),High_Speed,430t,130 km/h,Rajdhani Express (12681),Express,600t,120 km/h,Nagpur Crossing,Low
314,BOXN Coal Rake (12083),Freight,4500t,60 km/h,WAG-12 Heavy Freight (11955),Heavy Freight,6000t,75 km/h,Vijayawada Line,Medium
315,Vande Bharat Express (11604),High_Speed,430t,130 km/h,EMU Local (11348),Commuter,300t,80 km/h,Nagpur Crossing,Low
316,Vande Bharat Express (11656),High_Speed,430t,130 km/h,WAG-12 Heavy Freight (11345),Heavy Freight,6000t,75 km/h,Vijayawada Line,High
317,WAG-12 Heavy Freight (11304),Heavy Freight,6000t,75 km/h,Rajdhani Express (11023),Express,600t,120 km/h,Nagpur Crossing,Low
318,Rajdhani Express (11979),Express,600t,120 km/h,EMU Local (11920),Commuter,300t,80 km/h,Itarsi Junction,High
319,WAG-12 Heavy Freight (12538),Heavy Freight,6000t,75 km/h,Bhopal Shatabdi (12021),Express,550t,110 km/h,Nagpur Crossing,Medium
320,BOXN Coal Rake (11399),Freight,4500t,60 km/h,Rajdhani Express (11088),Express,600t,120 km/h,Itarsi Junction,High
321,BOXN Coal Rake (11437),Freight,4500t,60 km/h,EMU Local (11741),Commuter,300t,80 km/h,Nagpur Crossing,Low
322,Bhopal Shatabdi (12028),Express,550t,110 km/h,BOXN Coal Rake (11579),Freight,4500t,60 km/h,Bhusawal Block,High
323,EMU Local (12569),Commuter,300t,80 km/h,Rajdhani Express (12457),Express,600t,120 km/h,Kanpur Central,Medium
324,BOXN Coal Rake (12633),Freight,4500t,60 km/h,WAG-12 Heavy Freight (12103),Heavy Freight,6000t,75 km/h,Itarsi Junction,High
325,Rajdhani Express (11613),Express,600t,120 km/h,BOXN Coal Rake (11452),Freight,4500t,60 km/h,Itarsi Junction,Low
326,BOXN Coal Rake (11349),Freight,4500t,60 km/h,EMU Local (12707),Commuter,300t,80 km/h,Bhusawal Block,Low
327,Bhopal Shatabdi (12842),Express,550t,110 km/h,EMU Local (12403),Commuter,300t,80 km/h,Vijayawada Line,High
328,Bhopal Shatabdi (11743),Express,550t,110 km/h,EMU Local (12996),Commuter,300t,80 km/h,Itarsi Junction,Low
329,BOXN Coal Rake (12854),Freight,4500t,60 km/h,Bhopal Shatabdi (12817),Express,550t,110 km/h,Itarsi Junction,High
330,Vande Bharat Express (12871),High_Speed,430t,130 km/h,WAG-12 Heavy Freight (12399),Heavy Freight,6000t,75 km/h,Vijayawada Line,Low
331,WAG-12 Heavy Freight (12134),Heavy Freight,6000t,75 km/h,BOXN Coal Rake (11292),Freight,4500t,60 km/h,Nagpur Crossing,Medium
332,BOXN Coal Rake (12680),Freight,4500t,60 km/h,Rajdhani Express (12005),Express,600t,120 km/h,Nagpur Crossing,High
333,EMU Local (12764),Commuter,300t,80 km/h,WAG-12 Heavy Freight (12611),Heavy Freight,6000t,75 km/h,Itarsi Junction,High
334,Bhopal Shatabdi (12219),Express,550t,110 km/h,Vande Bharat Express (12134),High_Speed,430t,130 km/h,Itarsi Junction,Medium
335,Bhopal Shatabdi (11455),Express,550t,110 km/h,EMU Local (12854),Commuter,300t,80 km/h,Kanpur Central,Medium
336,Rajdhani Express (12067),Express,600t,120 km/h,Vande Bharat Express (12773),High_Speed,430t,130 km/h,Vijayawada Line,Medium
337,Vande Bharat Express (12608),High_Speed,430t,130 km/h,BOXN Coal Rake (11082),Freight,4500t,60 km/h,Itarsi Junction,Medium
338,Vande Bharat Express (11647),High_Speed,430t,130 km/h,WAG-12 Heavy Freight (11039),Heavy Freight,6000t,75 km/h,Nagpur Crossing,High
339,Bhopal Shatabdi (11340),Express,550t,110 km/h,Rajdhani Express (11733),Express,600t,120 km/h,Nagpur Crossing,Medium
340,Vande Bharat Express (11244),High_Speed,430t,130 km/h,BOXN Coal Rake (12777),Freight,4500t,60 km/h,Nagpur Crossing,High
341,Vande Bharat Express (12965),High_Speed,430t,130 km/h,WAG-12 Heavy Freight (12957),Heavy Freight,6000t,75 km/h,Nagpur Crossing,Medium
342,BOXN Coal Rake (11394),Freight,4500t,60 km/h,Vande Bharat Express (12483),High_Speed,430t,130 km/h,Kanpur Central,Medium
343,BOXN Coal Rake (11193),Freight,4500t,60 km/h,Rajdhani Express (11125),Express,600t,120 km/h,Nagpur Crossing,High
344,Vande Bharat Express (11249),High_Speed,430t,130 km/h,BOXN Coal Rake (12845),Freight,4500t,60 km/h,Itarsi Junction,Low
345,BOXN Coal Rake (12581),Freight,4500t,60 km/h,Rajdhani Express (12047),Express,600t,120 km/h,Bhusawal Block,Low
346,WAG-12 Heavy Freight (12414),Heavy Freight,6000t,75 km/h,BOXN Coal Rake (12582),Freight,4500t,60 km/h,Itarsi Junction,High
347,Rajdhani Express (12006),Express,600t,120 km/h,Bhopal Shatabdi (11706),Express,550t,110 km/h,Itarsi Junction,Medium
348,EMU Local (12970),Commuter,300t,80 km/h,WAG-12 Heavy Freight (11663),Heavy Freight,6000t,75 km/h,Bhusawal Block,Medium
349,BOXN Coal Rake (12925),Freight,4500t,60 km/h,WAG-12 Heavy Freight (12590),Heavy Freight,6000t,75 km/h,Itarsi Junction,High
350,Vande Bharat Express (11700),High_Speed,430t,130 km/h,Rajdhani Express (11835),Express,600t,120 km/h,Vijayawada Line,High
351,Bhopal Shatabdi (12874),Express,550t,110 km/h,WAG-12 Heavy Freight (11755),Heavy Freight,6000t,75 km/h,Kanpur Central,Medium
352,BOXN Coal Rake (11464),Freight,4500t,60 km/h,Vande Bharat Express (12070),High_Speed,430t,130 km/h,Kanpur Central,Medium
353,Bhopal Shatabdi (12195),Express,550t,110 km/h,Rajdhani Express (12216),Express,600t,120 km/h,Kanpur Central,High
354,Bhopal Shatabdi (12668),Express,550t,110 km/h,EMU Local (12761),Commuter,300t,80 km/h,Nagpur Crossing,Low
355,Rajdhani Express (12390),Express,600t,120 km/h,WAG-12 Heavy Freight (12631),Heavy Freight,6000t,75 km/h,Vijayawada Line,Low
356,Vande Bharat Express (11538),High_Speed,430t,130 km/h,BOXN Coal Rake (12034),Freight,4500t,60 km/h,Bhusawal Block,Low
357,Rajdhani Express (12417),Express,600t,120 km/h,Bhopal Shatabdi (12960),Express,550t,110 km/h,Nagpur Crossing,Low
358,Rajdhani Express (11824),Express,600t,120 km/h,EMU Local (11841),Commuter,300t,80 km/h,Vijayawada Line,Low
359,Bhopal Shatabdi (12495),Express,550t,110 km/h,WAG-12 Heavy Freight (12361),Heavy Freight,6000t,75 km/h,Vijayawada Line,High
360,Rajdhani Express (12463),Express,600t,120 km/h,Bhopal Shatabdi (12093),Express,550t,110 km/h,Vijayawada Line,Low
361,Rajdhani Express (11652),Express,600t,120 km/h,Bhopal Shatabdi (11036),Express,550t,110 km/h,Vijayawada Line,High
362,WAG-12 Heavy Freight (11313),Heavy Freight,6000t,75 km/h,Rajdhani Express (12965),Express,600t,120 km/h,Nagpur Crossing,High
363,Vande Bharat Express (12458),High_Speed,430t,130 km/h,WAG-12 Heavy Freight (11397),Heavy Freight,6000t,75 km/h,Vijayawada Line,High
364,Vande Bharat Express (12807),High_Speed,430t,130 km/h,Rajdhani Express (12510),Express,600t,120 km/h,Bhusawal Block,High
365,EMU Local (11499),Commuter,300t,80 km/h,Rajdhani Express (12005),Express,600t,120 km/h,Bhusawal Block,Medium
366,BOXN Coal Rake (12789),Freight,4500t,60 km/h,EMU Local (12609),Commuter,300t,80 km/h,Itarsi Junction,Medium
367,EMU Local (11530),Commuter,300t,80 km/h,WAG-12 Heavy Freight (12032),Heavy Freight,6000t,75 km/h,Bhusawal Block,Low
368,BOXN Coal Rake (12371),Freight,4500t,60 km/h,Vande Bharat Express (11343),High_Speed,430t,130 km/h,Bhusawal Block,High
369,EMU Local (11534),Commuter,300t,80 km/h,WAG-12 Heavy Freight (11002),Heavy Freight,6000t,75 km/h,Bhusawal Block,Medium
370,EMU Local (11659),Commuter,300t,80 km/h,BOXN Coal Rake (12484),Freight,4500t,60 km/h,Vijayawada Line,Low
371,EMU Local (11140),Commuter,300t,80 km/h,Rajdhani Express (11812),Express,600t,120 km/h,Bhusawal Block,Low
372,EMU Local (12897),Commuter,300t,80 km/h,WAG-12 Heavy Freight (11735),Heavy Freight,6000t,75 km/h,Bhusawal Block,Medium
373,WAG-12 Heavy Freight (12297),Heavy Freight,6000t,75 km/h,Vande Bharat Express (11352),High_Speed,430t,130 km/h,Nagpur Crossing,High
374,Bhopal Shatabdi (11220),Express,550t,110 km/h,BOXN Coal Rake (11647),Freight,4500t,60 km/h,Nagpur Crossing,Medium
375,WAG-12 Heavy Freight (12749),Heavy Freight,6000t,75 km/h,Rajdhani Express (11868),Express,600t,120 km/h,Nagpur Crossing,Medium
376,EMU Local (11211),Commuter,300t,80 km/h,Bhopal Shatabdi (11508),Express,550t,110 km/h,Bhusawal Block,High
377,Bhopal Shatabdi (12543),Express,550t,110 km/h,WAG-12 Heavy Freight (11279),Heavy Freight,6000t,75 km/h,Vijayawada Line,Low
378,Bhopal Shatabdi (12142),Express,550t,110 km/h,Vande Bharat Express (12914),High_Speed,430t,130 km/h,Itarsi Junction,Low
379,Bhopal Shatabdi (11996),Express,550t,110 km/h,WAG-12 Heavy Freight (12315),Heavy Freight,6000t,75 km/h,Itarsi Junction,High
380,BOXN Coal Rake (12368),Freight,4500t,60 km/h,Bhopal Shatabdi (12393),Express,550t,110 km/h,Itarsi Junction,Low
381,WAG-12 Heavy Freight (11028),Heavy Freight,6000t,75 km/h,BOXN Coal Rake (11988),Freight,4500t,60 km/h,Bhusawal Block,High
382,Bhopal Shatabdi (11276),Express,550t,110 km/h,WAG-12 Heavy Freight (11948),Heavy Freight,6000t,75 km/h,Kanpur Central,Medium
383,EMU Local (11399),Commuter,300t,80 km/h,WAG-12 Heavy Freight (11931),Heavy Freight,6000t,75 km/h,Bhusawal Block,Medium
384,Vande Bharat Express (11250),High_Speed,430t,130 km/h,WAG-12 Heavy Freight (12052),Heavy Freight,6000t,75 km/h,Nagpur Crossing,Medium
385,Bhopal Shatabdi (12393),Express,550t,110 km/h,WAG-12 Heavy Freight (12857),Heavy Freight,6000t,75 km/h,Bhusawal Block,High
386,Rajdhani Express (12191),Express,600t,120 km/h,EMU Local (12023),Commuter,300t,80 km/h,Kanpur Central,Low
387,Vande Bharat Express (12883),High_Speed,430t,130 km/h,Rajdhani Express (11196),Express,600t,120 km/h,Itarsi Junction,High
388,Vande Bharat Express (12514),High_Speed,430t,130 km/h,BOXN Coal Rake (11283),Freight,4500t,60 km/h,Vijayawada Line,Low
389,EMU Local (11122),Commuter,300t,80 km/h,WAG-12 Heavy Freight (12487),Heavy Freight,6000t,75 km/h,Kanpur Central,Low
390,WAG-12 Heavy Freight (11314),Heavy Freight,6000t,75 km/h,BOXN Coal Rake (11952),Freight,4500t,60 km/h,Kanpur Central,Medium
391,BOXN Coal Rake (11592),Freight,4500t,60 km/h,Vande Bharat Express (11339),High_Speed,430t,130 km/h,Bhusawal Block,Medium
392,BOXN Coal Rake (12193),Freight,4500t,60 km/h,WAG-12 Heavy Freight (11064),Heavy Freight,6000t,75 km/h,Vijayawada Line,Low
393,EMU Local (11409),Commuter,300t,80 km/h,Bhopal Shatabdi (12395),Express,550t,110 km/h,Kanpur Central,High
394,Vande Bharat Express (12856),High_Speed,430t,130 km/h,Rajdhani Express (12640),Express,600t,120 km/h,Kanpur Central,Medium
395,EMU Local (11436),Commuter,300t,80 km/h,Bhopal Shatabdi (12693),Express,550t,110 km/h,Bhusawal Block,Low
396,EMU Local (12878),Commuter,300t,80 km/h,Rajdhani Express (12218),Express,600t,120 km/h,Nagpur Crossing,High
397,EMU Local (12111),Commuter,300t,80 km/h,WAG-12 Heavy Freight (12049),Heavy Freight,6000t,75 km/h,Vijayawada Line,High
398,Rajdhani Express (11971),Express,600t,120 km/h,EMU Local (11913),Commuter,300t,80 km/h,Bhusawal Block,Medium
399,WAG-12 Heavy Freight (12326),Heavy Freight,6000t,75 km/h,Rajdhani Express (12327),Express,600t,120 km/h,Kanpur Central,Low
400,EMU Local (12617),Commuter,300t,80 km/h,WAG-12 Heavy Freight (11531),Heavy Freight,6000t,75 km/h,Kanpur Central,Low
401,EMU Local (11169),Commuter,300t,80 km/h,Vande Bharat Express (12234),High_Speed,430t,130 km/h,Nagpur Crossing,Low
402,Rajdhani Express (11462),Express,600t,120 km/h,Bhopal Shatabdi (12186),Express,550t,110 km/h,Kanpur Central,Medium
403,WAG-12 Heavy Freight (12042),Heavy Freight,6000t,75 km/h,Bhopal Shatabdi (11317),Express,550t,110 km/h,Itarsi Junction,High
404,Vande Bharat Express (12542),High_Speed,430t,130 km/h,EMU Local (12620),Commuter,300t,80 km/h,Vijayawada Line,Low
405,BOXN Coal Rake (11309),Freight,4500t,60 km/h,WAG-12 Heavy Freight (11504),Heavy Freight,6000t,75 km/h,Vijayawada Line,High
406,Bhopal Shatabdi (11058),Express,550t,110 km/h,BOXN Coal Rake (11659),Freight,4500t,60 km/h,Vijayawada Line,Medium
407,Bhopal Shatabdi (12892),Express,550t,110 km/h,WAG-12 Heavy Freight (12029),Heavy Freight,6000t,75 km/h,Bhusawal Block,Medium
408,Vande Bharat Express (12632),High_Speed,430t,130 km/h,EMU Local (12266),Commuter,300t,80 km/h,Nagpur Crossing,High
409,Rajdhani Express (11863),Express,600t,120 km/h,WAG-12 Heavy Freight (12623),Heavy Freight,6000t,75 km/h,Itarsi Junction,Medium
410,WAG-12 Heavy Freight (12401),Heavy Freight,6000t,75 km/h,BOXN Coal Rake (12911),Freight,4500t,60 km/h,Kanpur Central,High
411,Bhopal Shatabdi (11504),Express,550t,110 km/h,Rajdhani Express (11811),Express,600t,120 km/h,Itarsi Junction,High
412,Vande Bharat Express (12439),High_Speed,430t,130 km/h,BOXN Coal Rake (12398),Freight,4500t,60 km/h,Bhusawal Block,Medium
413,Bhopal Shatabdi (12778),Express,550t,110 km/h,Vande Bharat Express (12909),High_Speed,430t,130 km/h,Kanpur Central,High
414,WAG-12 Heavy Freight (12023),Heavy Freight,6000t,75 km/h,Rajdhani Express (11730),Express,600t,120 km/h,Kanpur Central,Low
415,BOXN Coal Rake (12902),Freight,4500t,60 km/h,Bhopal Shatabdi (12356),Express,550t,110 km/h,Bhusawal Block,Low
416,Bhopal Shatabdi (11027),Express,550t,110 km/h,BOXN Coal Rake (12246),Freight,4500t,60 km/h,Vijayawada Line,Medium
417,WAG-12 Heavy Freight (12391),Heavy Freight,6000t,75 km/h,Vande Bharat Express (11215),High_Speed,430t,130 km/h,Kanpur Central,Low
418,BOXN Coal Rake (11013),Freight,4500t,60 km/h,Bhopal Shatabdi (12458),Express,550t,110 km/h,Itarsi Junction,High
419,Bhopal Shatabdi (11312),Express,550t,110 km/h,Rajdhani Express (11028),Express,600t,120 km/h,Itarsi Junction,Low
420,BOXN Coal Rake (12076),Freight,4500t,60 km/h,EMU Local (12728),Commuter,300t,80 km/h,Vijayawada Line,High
421,EMU Local (11564),Commuter,300t,80 km/h,Bhopal Shatabdi (11382),Express,550t,110 km/h,Vijayawada Line,Medium
422,Vande Bharat Express (12484),High_Speed,430t,130 km/h,BOXN Coal Rake (12631),Freight,4500t,60 km/h,Itarsi Junction,High
423,BOXN Coal Rake (12982),Freight,4500t,60 km/h,EMU Local (11319),Commuter,300t,80 km/h,Nagpur Crossing,High
424,WAG-12 Heavy Freight (11616),Heavy Freight,6000t,75 km/h,Bhopal Shatabdi (12094),Express,550t,110 km/h,Itarsi Junction,High
425,EMU Local (11984),Commuter,300t,80 km/h,BOXN Coal Rake (12005),Freight,4500t,60 km/h,Vijayawada Line,Low
426,Bhopal Shatabdi (12136),Express,550t,110 km/h,Rajdhani Express (12510),Express,600t,120 km/h,Vijayawada Line,High
427,WAG-12 Heavy Freight (12521),Heavy Freight,6000t,75 km/h,EMU Local (12560),Commuter,300t,80 km/h,Bhusawal Block,Low
428,BOXN Coal Rake (12951),Freight,4500t,60 km/h,Rajdhani Express (12323),Express,600t,120 km/h,Nagpur Crossing,Medium
429,WAG-12 Heavy Freight (11282),Heavy Freight,6000t,75 km/h,Bhopal Shatabdi (12058),Express,550t,110 km/h,Vijayawada Line,High
430,Bhopal Shatabdi (11857),Express,550t,110 km/h,BOXN Coal Rake (12384),Freight,4500t,60 km/h,Bhusawal Block,High
431,Rajdhani Express (11287),Express,600t,120 km/h,Vande Bharat Express (12749),High_Speed,430t,130 km/h,Kanpur Central,High
432,EMU Local (11409),Commuter,300t,80 km/h,BOXN Coal Rake (12933),Freight,4500t,60 km/h,Bhusawal Block,Medium
433,Vande Bharat Express (11513),High_Speed,430t,130 km/h,BOXN Coal Rake (12294),Freight,4500t,60 km/h,Vijayawada Line,Medium
434,Vande Bharat Express (11254),High_Speed,430t,130 km/h,EMU Local (12710),Commuter,300t,80 km/h,Kanpur Central,Medium
435,EMU Local (12924),Commuter,300t,80 km/h,BOXN Coal Rake (11970),Freight,4500t,60 km/h,Vijayawada Line,Medium
436,Bhopal Shatabdi (12605),Express,550t,110 km/h,BOXN Coal Rake (11901),Freight,4500t,60 km/h,Bhusawal Block,Medium
437,WAG-12 Heavy Freight (11578),Heavy Freight,6000t,75 km/h,Rajdhani Express (11162),Express,600t,120 km/h,Bhusawal Block,Low
438,Rajdhani Express (11923),Express,600t,120 km/h,WAG-12 Heavy Freight (12941),Heavy Freight,6000t,75 km/h,Vijayawada Line,High
439,WAG-12 Heavy Freight (11190),Heavy Freight,6000t,75 km/h,BOXN Coal Rake (11250),Freight,4500t,60 km/h,Kanpur Central,High
440,WAG-12 Heavy Freight (11866),Heavy Freight,6000t,75 km/h,Bhopal Shatabdi (12876),Express,550t,110 km/h,Kanpur Central,Low
441,Vande Bharat Express (11353),High_Speed,430t,130 km/h,Rajdhani Express (12956),Express,600t,120 km/h,Nagpur Crossing,Medium
442,Vande Bharat Express (11749),High_Speed,430t,130 km/h,Bhopal Shatabdi (12846),Express,550t,110 km/h,Bhusawal Block,Low
443,EMU Local (12349),Commuter,300t,80 km/h,Rajdhani Express (11360),Express,600t,120 km/h,Vijayawada Line,High
444,WAG-12 Heavy Freight (12090),Heavy Freight,6000t,75 km/h,EMU Local (12533),Commuter,300t,80 km/h,Kanpur Central,Low
445,EMU Local (12658),Commuter,300t,80 km/h,BOXN Coal Rake (12726),Freight,4500t,60 km/h,Bhusawal Block,High
446,BOXN Coal Rake (11149),Freight,4500t,60 km/h,WAG-12 Heavy Freight (12567),Heavy Freight,6000t,75 km/h,Bhusawal Block,Medium
447,EMU Local (11687),Commuter,300t,80 km/h,Rajdhani Express (11605),Express,600t,120 km/h,Kanpur Central,Low
448,Vande Bharat Express (12659),High_Speed,430t,130 km/h,Rajdhani Express (11301),Express,600t,120 km/h,Bhusawal Block,High
449,BOXN Coal Rake (11509),Freight,4500t,60 km/h,Rajdhani Express (12820),Express,600t,120 km/h,Bhusawal Block,High
450,WAG-12 Heavy Freight (11852),Heavy Freight,6000t,75 km/h,BOXN Coal Rake (11783),Freight,4500t,60 km/h,Kanpur Central,Low
451,BOXN Coal Rake (12725),Freight,4500t,60 km/h,EMU Local (12049),Commuter,300t,80 km/h,Kanpur Central,Medium
452,Rajdhani Express (11519),Express,600t,120 km/h,EMU Local (11005),Commuter,300t,80 km/h,Kanpur Central,High
453,BOXN Coal Rake (11667),Freight,4500t,60 km/h,WAG-12 Heavy Freight (12744),Heavy Freight,6000t,75 km/h,Bhusawal Block,High
454,EMU Local (11018),Commuter,300t,80 km/h,WAG-12 Heavy Freight (12329),Heavy Freight,6000t,75 km/h,Nagpur Crossing,Medium
455,EMU Local (12318),Commuter,300t,80 km/h,WAG-12 Heavy Freight (11210),Heavy Freight,6000t,75 km/h,Kanpur Central,Medium
456,EMU Local (11234),Commuter,300t,80 km/h,BOXN Coal Rake (12642),Freight,4500t,60 km/h,Nagpur Crossing,Low
457,WAG-12 Heavy Freight (12665),Heavy Freight,6000t,75 km/h,Vande Bharat Express (11368),High_Speed,430t,130 km/h,Itarsi Junction,High
458,Vande Bharat Express (11474),High_Speed,430t,130 km/h,Rajdhani Express (12155),Express,600t,120 km/h,Kanpur Central,High
459,Bhopal Shatabdi (11662),Express,550t,110 km/h,Vande Bharat Express (11817),High_Speed,430t,130 km/h,Itarsi Junction,Low
460,EMU Local (12789),Commuter,300t,80 km/h,Vande Bharat Express (11719),High_Speed,430t,130 km/h,Itarsi Junction,High
461,Bhopal Shatabdi (11387),Express,550t,110 km/h,Rajdhani Express (11273),Express,600t,120 km/h,Vijayawada Line,Low
462,Bhopal Shatabdi (11608),Express,550t,110 km/h,Rajdhani Express (12180),Express,600t,120 km/h,Nagpur Crossing,Medium
463,BOXN Coal Rake (12474),Freight,4500t,60 km/h,Vande Bharat Express (11510),High_Speed,430t,130 km/h,Kanpur Central,Medium
464,Bhopal Shatabdi (11300),Express,550t,110 km/h,WAG-12 Heavy Freight (12837),Heavy Freight,6000t,75 km/h,Nagpur Crossing,Low
465,WAG-12 Heavy Freight (11927),Heavy Freight,6000t,75 km/h,Vande Bharat Express (12873),High_Speed,430t,130 km/h,Nagpur Crossing,High
466,EMU Local (11654),Commuter,300t,80 km/h,Vande Bharat Express (12608),High_Speed,430t,130 km/h,Itarsi Junction,Low
467,WAG-12 Heavy Freight (11504),Heavy Freight,6000t,75 km/h,Rajdhani Express (11314),Express,600t,120 km/h,Bhusawal Block,Low
468,WAG-12 Heavy Freight (12604),Heavy Freight,6000t,75 km/h,Bhopal Shatabdi (12785),Express,550t,110 km/h,Itarsi Junction,High
469,Bhopal Shatabdi (12797),Express,550t,110 km/h,Vande Bharat Express (11821),High_Speed,430t,130 km/h,Vijayawada Line,High
470,BOXN Coal Rake (11351),Freight,4500t,60 km/h,Vande Bharat Express (11750),High_Speed,430t,130 km/h,Vijayawada Line,Low
471,EMU Local (11899),Commuter,300t,80 km/h,Vande Bharat Express (11151),High_Speed,430t,130 km/h,Kanpur Central,Low
472,BOXN Coal Rake (12537),Freight,4500t,60 km/h,EMU Local (11451),Commuter,300t,80 km/h,Vijayawada Line,Low
473,Rajdhani Express (11048),Express,600t,120 km/h,BOXN Coal Rake (11586),Freight,4500t,60 km/h,Kanpur Central,Low
474,Rajdhani Express (11412),Express,600t,120 km/h,BOXN Coal Rake (11904),Freight,4500t,60 km/h,Itarsi Junction,Medium
475,Vande Bharat Express (11223),High_Speed,430t,130 km/h,BOXN Coal Rake (11827),Freight,4500t,60 km/h,Vijayawada Line,High
476,Vande Bharat Express (11344),High_Speed,430t,130 km/h,BOXN Coal Rake (12147),Freight,4500t,60 km/h,Kanpur Central,Medium
477,EMU Local (11991),Commuter,300t,80 km/h,BOXN Coal Rake (12452),Freight,4500t,60 km/h,Bhusawal Block,Low
478,Vande Bharat Express (11649),High_Speed,430t,130 km/h,EMU Local (12508),Commuter,300t,80 km/h,Vijayawada Line,Low
479,Bhopal Shatabdi (12512),Express,550t,110 km/h,EMU Local (11933),Commuter,300t,80 km/h,Bhusawal Block,High
480,Rajdhani Express (11715),Express,600t,120 km/h,Vande Bharat Express (12522),High_Speed,430t,130 km/h,Kanpur Central,Medium
481,Bhopal Shatabdi (11665),Express,550t,110 km/h,EMU Local (12528),Commuter,300t,80 km/h,Vijayawada Line,Medium
482,EMU Local (11196),Commuter,300t,80 km/h,Vande Bharat Express (11226),High_Speed,430t,130 km/h,Bhusawal Block,Low
483,EMU Local (12872),Commuter,300t,80 km/h,Bhopal Shatabdi (12116),Express,550t,110 km/h,Vijayawada Line,Medium
484,Vande Bharat Express (12064),High_Speed,430t,130 km/h,EMU Local (12876),Commuter,300t,80 km/h,Nagpur Crossing,Low
485,Vande Bharat Express (11529),High_Speed,430t,130 km/h,Bhopal Shatabdi (11680),Express,550t,110 km/h,Bhusawal Block,Low
486,EMU Local (12531),Commuter,300t,80 km/h,Bhopal Shatabdi (11213),Express,550t,110 km/h,Kanpur Central,Low
487,Rajdhani Express (12285),Express,600t,120 km/h,EMU Local (11291),Commuter,300t,80 km/h,Nagpur Crossing,Medium
488,BOXN Coal Rake (11414),Freight,4500t,60 km/h,WAG-12 Heavy Freight (12656),Heavy Freight,6000t,75 km/h,Itarsi Junction,Medium
489,EMU Local (12981),Commuter,300t,80 km/h,Rajdhani Express (12291),Express,600t,120 km/h,Kanpur Central,Medium
490,WAG-12 Heavy Freight (11579),Heavy Freight,6000t,75 km/h,BOXN Coal Rake (12550),Freight,4500t,60 km/h,Vijayawada Line,High
491,EMU Local (12937),Commuter,300t,80 km/h,Rajdhani Express (11576),Express,600t,120 km/h,Kanpur Central,Medium
492,BOXN Coal Rake (11537),Freight,4500t,60 km/h,Bhopal Shatabdi (12348),Express,550t,110 km/h,Nagpur Crossing,Low
493,Vande Bharat Express (11928),High_Speed,430t,130 km/h,Rajdhani Express (12292),Express,600t,120 km/h,Nagpur Crossing,Low
494,BOXN Coal Rake (12198),Freight,4500t,60 km/h,EMU Local (12629),Commuter,300t,80 km/h,Itarsi Junction,Medium
495,EMU Local (11677),Commuter,300t,80 km/h,BOXN Coal Rake (12911),Freight,4500t,60 km/h,Itarsi Junction,High
496,WAG-12 Heavy Freight (11306),Heavy Freight,6000t,75 km/h,EMU Local (11703),Commuter,300t,80 km/h,Kanpur Central,Low
497,Bhopal Shatabdi (12216),Express,550t,110 km/h,EMU Local (12472),Commuter,300t,80 km/h,Vijayawada Line,Medium
498,BOXN Coal Rake (12589),Freight,4500t,60 km/h,WAG-12 Heavy Freight (12304),Heavy Freight,6000t,75 km/h,Nagpur Crossing,High
499,Rajdhani Express (12015),Express,600t,120 km/h,Vande Bharat Express (12459),High_Speed,430t,130 km/h,Vijayawada Line,High
500,BOXN Coal Rake (11971),Freight,4500t,60 km/h,EMU Local (12375),Commuter,300t,80 km/h,Nagpur Crossing,Low
